[{"collectionName":"t_cart","indices":[{"expireAfterSeconds":-1,"indexDesc":[{"field":"_id","label":"升序","value":"1","valueType":"varchar"}],"name":"_id_","sparse":false,"unique":true},{"expireAfterSeconds":-1,"indexDesc":[{"field":"id","label":"升序","value":"1","valueType":"varchar"}],"name":"id_","sparse":false,"unique":true},{"expireAfterSeconds":-1,"indexDesc":[{"field":"user_id","label":"升序","value":"1","valueType":"varchar"}],"name":"user_id_idx","sparse":false,"unique":false}]},{"collectionName":"t_category","indices":[{"expireAfterSeconds":-1,"indexDesc":[{"field":"_id","label":"升序","value":"1","valueType":"varchar"}],"name":"_id_","sparse":false,"unique":true},{"expireAfterSeconds":-1,"indexDesc":[{"field":"id","label":"升序","value":"1","valueType":"varchar"}],"name":"id_","sparse":false,"unique":true}]},{"collectionName":"t_order","indices":[{"expireAfterSeconds":-1,"indexDesc":[{"field":"_id","label":"升序","value":"1","valueType":"varchar"}],"name":"_id_","sparse":false,"unique":true},{"expireAfterSeconds":-1,"indexDesc":[{"field":"id","label":"升序","value":"1","valueType":"varchar"}],"name":"id_","sparse":false,"unique":true},{"expireAfterSeconds":-1,"indexDesc":[{"field":"user_id","label":"升序","value":"1","valueType":"varchar"}],"name":"user_id_idx","sparse":false,"unique":false}]},{"collectionName":"t_product","indices":[{"expireAfterSeconds":-1,"indexDesc":[{"field":"_id","label":"升序","value":"1","valueType":"varchar"}],"name":"_id_","sparse":false,"unique":true},{"expireAfterSeconds":-1,"indexDesc":[{"field":"id","label":"升序","value":"1","valueType":"varchar"}],"name":"id_","sparse":false,"unique":true},{"expireAfterSeconds":-1,"indexDesc":[{"field":"sub_category_id","label":"升序","value":"1","valueType":"varchar"}],"name":"sub_category_id_idx","sparse":false,"unique":false}]},{"collectionName":"t_sub_category","indices":[{"expireAfterSeconds":-1,"indexDesc":[{"field":"_id","label":"升序","value":"1","valueType":"varchar"}],"name":"_id_","sparse":false,"unique":true},{"expireAfterSeconds":-1,"indexDesc":[{"field":"category_id","label":"升序","value":"1","valueType":"varchar"}],"name":"category_id_idx","sparse":false,"unique":false},{"expireAfterSeconds":-1,"indexDesc":[{"field":"id","label":"升序","value":"1","valueType":"varchar"}],"name":"id_","sparse":false,"unique":true}]}]