{"id": "1", "_id": "685283e6d61bb31d8d9fcf7f", "icon": "https://env-00jxtoex7l0t.normal.cloudstatic.cn/Plot/%E5%8D%83%E5%B1%82/%E8%8A%92%E6%9E%9C%E6%A8%B1%E6%A1%83%E5%8D%83%E5%B1%82.jpg", "name": "千层"}
{"id": "2", "_id": "685283e6d61bb31d8d9fcf80", "icon": "https://env-00jxtoex7l0t.normal.cloudstatic.cn/Plot/%E7%94%9C%E5%93%81/%E8%93%9D%E8%8E%93%E5%B7%B4%E6%96%AF%E5%85%8B.jpg", "name": "甜品"}
{"id": "3", "_id": "685283e6d61bb31d8d9fcf81", "icon": "https://env-00jxtoex7l0t.normal.cloudstatic.cn/Plot/%E7%94%9F%E6%97%A5%E8%9B%8B%E7%B3%95/%E7%88%B1%E5%BF%83.jpg", "name": "生日蛋糕"}
{"id": "4", "_id": "685283e6d61bb31d8d9fcf82", "icon": "https://env-00jxtoex7l0t.normal.cloudstatic.cn/Plot/%E9%A5%AE%E5%93%81/%E7%BB%8F%E5%85%B8%E6%8B%BF%E9%93%81.jpg", "name": "饮品"}