{"id": "order_4818318745", "_id": "6853c55ff5794447100e7806", "items": [{"name": "BLACKPINK", "image": "https://env-00jxtoex7l0t.normal.cloudstatic.cn/Plot/生日蛋糕/BLACKPINK.png", "price": 228, "quantity": 1, "product_id": "3007"}, {"name": "青提柠檬冰茉莉", "image": "https://env-00jxtoex7l0t.normal.cloudstatic.cn/Plot/饮品/青提柠檬冰茉莉.jpg", "price": 32, "quantity": 1, "product_id": "4006"}, {"name": "奥利奥切块", "image": "https://env-00jxtoex7l0t.normal.cloudstatic.cn/Plot/千层/奥利奥切块.jpg", "price": 15, "quantity": 2, "product_id": "1006"}], "mobile": "13800138000", "status": 1, "_openid": "0393raK5_p3Wm7Wed_wXJVL8gTW6lpsAb_VLWgTkPuEBYId", "address": "广州市天河区体育西路123号", "user_id": "user123", "order_no": "17503204818318745", "consignee": "测试用户", "create_time": "2025-06-19 08:08:01", "total_price": 290, "out_trade_no": "17503204973757369", "payment_time": "2025-06-19 08:08:17"}
{"id": "order_7636804066", "_id": "6853c67b4aa175e93e32797a", "items": [{"name": "椰青冰萃美式", "image": "https://env-00jxtoex7l0t.normal.cloudstatic.cn/Plot/饮品/椰青冰萃美式.jpg", "price": 38, "quantity": 1, "product_id": "4004"}, {"name": "玉桂狗蛋糕卷", "image": "https://env-00jxtoex7l0t.normal.cloudstatic.cn/Plot/甜品/玉桂狗蛋糕卷.jpg", "price": 78, "quantity": 1, "product_id": "2004"}], "mobile": "13800138000", "status": 1, "_openid": "0393raK5_p3Wm7Wed_wXJVL8gTW6lpsAb_VLWgTkPuEBYId", "address": "广州市天河区体育西路123号", "user_id": "user123", "order_no": "17503207636804066", "consignee": "测试用户", "create_time": "2025-06-19 08:12:43", "total_price": 116, "out_trade_no": "17503207641660377", "payment_time": "2025-06-19 08:12:44"}