{"id": "1001", "_id": "685283e6d61bb31d8d9fcf8b", "url": "https://env-00jxtoex7l0t.normal.cloudstatic.cn/Plot/%E5%8D%83%E5%B1%82/%E8%8A%92%E6%9E%9C%E6%A8%B1%E6%A1%83%E5%8D%83%E5%B1%82.jpg", "name": "芒果樱桃千层", "price": 58, "sales": 120, "stock": 50, "category_id": "1", "description": "精选芒果与新鲜樱桃完美结合，口感清爽丰富", "sub_category_id": "101"}
{"id": "1002", "_id": "685283e6d61bb31d8d9fcf8c", "url": "https://env-00jxtoex7l0t.normal.cloudstatic.cn/Plot/%E5%8D%83%E5%B1%82/%E8%8A%92%E6%9E%9C%E8%8A%8B%E6%B3%A5%E5%8D%83%E5%B1%82.jpg", "name": "芒果芋泥千层", "price": 62, "sales": 98, "stock": 45, "category_id": "1", "description": "芒果与芋泥的创新搭配，层次分明，甜而不腻", "sub_category_id": "101"}
{"id": "1003", "_id": "685283e6d61bb31d8d9fcf8d", "url": "https://env-00jxtoex7l0t.normal.cloudstatic.cn/Plot/%E5%8D%83%E5%B1%82/%E6%9D%A8%E6%A2%85%E8%8D%94%E6%9E%9D.jpg", "name": "杨梅荔枝", "price": 65, "sales": 75, "stock": 40, "category_id": "1", "description": "杨梅与荔枝的酸甜搭配，清新爽口", "sub_category_id": "101"}
{"id": "1004", "_id": "685283e6d61bb31d8d9fcf8e", "url": "https://env-00jxtoex7l0t.normal.cloudstatic.cn/Plot/%E5%8D%83%E5%B1%82/%E8%8D%94%E6%9E%9D%E7%8E%AB%E7%91%B0.jpg", "name": "荔枝玫瑰", "price": 68, "sales": 82, "stock": 35, "category_id": "1", "description": "荔枝与食用玫瑰的完美结合，香气扑鼻", "sub_category_id": "101"}
{"id": "1005", "_id": "685283e6d61bb31d8d9fcf8f", "url": "https://env-00jxtoex7l0t.normal.cloudstatic.cn/Plot/%E5%8D%83%E5%B1%82/%E5%A5%A5%E5%88%A9%E5%A5%A5%E8%8A%92%E6%9E%9C%E5%8D%83%E5%B1%82.jpg", "name": "奥利奥芒果千层", "price": 59, "sales": 140, "stock": 55, "category_id": "1", "description": "奥利奥饼干碎与芒果的融合，口感丰富多层次", "sub_category_id": "102"}
{"id": "1006", "_id": "685283e6d61bb31d8d9fcf90", "url": "https://env-00jxtoex7l0t.normal.cloudstatic.cn/Plot/%E5%8D%83%E5%B1%82/%E5%A5%A5%E5%88%A9%E5%A5%A5%E5%88%87%E5%9D%97.jpg", "name": "奥利奥切块", "price": 15, "sales": 180, "stock": 60, "category_id": "1", "description": "精致小块奥利奥千层，方便分享", "sub_category_id": "102"}
{"id": "1007", "_id": "685283e6d61bb31d8d9fcf91", "url": "https://env-00jxtoex7l0t.normal.cloudstatic.cn/Plot/%E5%8D%83%E5%B1%82/%E6%A1%91%E8%91%9A%E8%93%9D%E8%8E%93%E5%88%87%E5%9D%97.jpg", "name": "桑葚蓝莓切块", "price": 16, "sales": 95, "stock": 65, "category_id": "1", "description": "桑葚与蓝莓的双重果香，精致小块包装", "sub_category_id": "101"}
{"id": "1008", "_id": "685283e6d61bb31d8d9fcf92", "url": "https://env-00jxtoex7l0t.normal.cloudstatic.cn/Plot/%E5%8D%83%E5%B1%82/%E4%BC%AF%E7%88%B5%E7%BA%A2%E8%8C%B6%E5%88%87%E5%9D%97.jpg", "name": "伯爵红茶切块", "price": 14, "sales": 110, "stock": 70, "category_id": "1", "description": "精选伯爵红茶注入千层蛋糕，香气馥郁", "sub_category_id": "102"}
{"id": "1009", "_id": "685283e6d61bb31d8d9fcf93", "url": "https://env-00jxtoex7l0t.normal.cloudstatic.cn/Plot/%E5%8D%83%E5%B1%82/%E8%8C%89%E8%8E%89%E9%9D%92%E6%8F%90%E8%9C%9C%E7%93%9C.jpg", "name": "茉莉青提蜜瓜", "price": 63, "sales": 65, "stock": 38, "category_id": "1", "description": "茉莉花香与青提、蜜瓜的清新组合", "sub_category_id": "101"}
{"id": "2001", "_id": "685283e6d61bb31d8d9fcf94", "url": "https://env-00jxtoex7l0t.normal.cloudstatic.cn/Plot/%E7%94%9C%E5%93%81/%E8%8D%89%E8%8E%93%E5%A5%B6%E6%B2%B9%E8%9B%8B%E7%B3%95.jpg", "name": "草莓奶油蛋糕", "price": 88, "sales": 120, "stock": 40, "category_id": "2", "description": "新鲜草莓与柔滑奶油的经典搭配，香甜可口", "sub_category_id": "201"}
{"id": "2002", "_id": "685283e6d61bb31d8d9fcf95", "url": "https://env-00jxtoex7l0t.normal.cloudstatic.cn/Plot/%E7%94%9C%E5%93%81/%E6%A8%B1%E6%A1%83%E8%9B%8B%E7%B3%95.jpg", "name": "樱桃蛋糕", "price": 92, "sales": 85, "stock": 35, "category_id": "2", "description": "精选大颗樱桃装饰，口感丰富多汁", "sub_category_id": "201"}
{"id": "2003", "_id": "685283e6d61bb31d8d9fcf96", "url": "https://env-00jxtoex7l0t.normal.cloudstatic.cn/Plot/%E7%94%9C%E5%93%81/ins%E8%9B%8B%E7%B3%95.jpg", "name": "ins蛋糕", "price": 108, "sales": 150, "stock": 30, "category_id": "2", "description": "网红款ins风格蛋糕，美观与美味兼具", "sub_category_id": "201"}
{"id": "2004", "_id": "685283e6d61bb31d8d9fcf97", "url": "https://env-00jxtoex7l0t.normal.cloudstatic.cn/Plot/%E7%94%9C%E5%93%81/%E7%8E%89%E6%A1%82%E7%8B%97%E8%9B%8B%E7%B3%95%E5%8D%B7.jpg", "name": "玉桂狗蛋糕卷", "price": 78, "sales": 90, "stock": 45, "category_id": "2", "description": "玉桂狗造型蛋糕卷，松软可爱，适合儿童派对", "sub_category_id": "201"}
{"id": "2005", "_id": "685283e6d61bb31d8d9fcf98", "url": "https://env-00jxtoex7l0t.normal.cloudstatic.cn/Plot/%E7%94%9C%E5%93%81/%E8%93%9D%E8%8E%93%E5%B7%B4%E6%96%AF%E5%85%8B.jpg", "name": "蓝莓巴斯克", "price": 68, "sales": 110, "stock": 40, "category_id": "2", "description": "西班牙巴斯克风格芝士蛋糕，蓝莓口味", "sub_category_id": "202"}
{"id": "2006", "_id": "685283e6d61bb31d8d9fcf99", "url": "https://env-00jxtoex7l0t.normal.cloudstatic.cn/Plot/%E7%94%9C%E5%93%81/%E6%8A%B9%E8%8C%B6%E5%B7%B4%E6%96%AF%E5%85%8B.jpg", "name": "抹茶巴斯克", "price": 72, "sales": 95, "stock": 38, "category_id": "2", "description": "抹茶风味巴斯克芝士蛋糕，苦甜适中", "sub_category_id": "202"}
{"id": "2007", "_id": "685283e6d61bb31d8d9fcf9a", "url": "https://env-00jxtoex7l0t.normal.cloudstatic.cn/Plot/%E7%94%9C%E5%93%81/%E8%8D%89%E8%8E%93%E5%A1%94%E8%B4%9D%E6%9E%9C.jpg", "name": "草莓塔贝果", "price": 45, "sales": 130, "stock": 50, "category_id": "2", "description": "草莓塔与贝果的创新结合，口感丰富", "sub_category_id": "202"}
{"id": "2008", "_id": "685283e6d61bb31d8d9fcf9b", "url": "https://env-00jxtoex7l0t.normal.cloudstatic.cn/Plot/%E7%94%9C%E5%93%81/%E7%8E%AB%E7%91%B0%E8%8D%89%E8%8E%93%E8%B4%9D%E6%9E%9C.jpg", "name": "玫瑰草莓贝果", "price": 48, "sales": 85, "stock": 45, "category_id": "2", "description": "玫瑰与草莓风味贝果，芳香四溢", "sub_category_id": "202"}
{"id": "2009", "_id": "685283e6d61bb31d8d9fcf9c", "url": "https://env-00jxtoex7l0t.normal.cloudstatic.cn/Plot/%E7%94%9C%E5%93%81/%E6%A0%91%E8%8E%93%E6%8A%B9%E8%8C%B6%E6%9D%BE%E5%A1%94.jpg", "name": "树莓抹茶松塔", "price": 52, "sales": 75, "stock": 42, "category_id": "2", "description": "树莓与抹茶的完美结合，层次丰富", "sub_category_id": "202"}
{"id": "3001", "_id": "685283e6d61bb31d8d9fcf9d", "url": "https://env-00jxtoex7l0t.normal.cloudstatic.cn/Plot/%E7%94%9F%E6%97%A5%E8%9B%8B%E7%B3%95/%E8%9D%B4%E8%9D%B6%E5%85%B0%E8%9B%8B%E7%B3%95.jpg", "name": "蝴蝶兰蛋糕", "price": 198, "sales": 60, "stock": 25, "category_id": "3", "description": "精致蝴蝶兰装饰，适合生日、周年纪念等重要场合", "sub_category_id": "301"}
{"id": "3002", "_id": "685283e6d61bb31d8d9fcf9e", "url": "https://env-00jxtoex7l0t.normal.cloudstatic.cn/Plot/%E7%94%9F%E6%97%A5%E8%9B%8B%E7%B3%95/%E6%A2%A6%E4%B8%AD%E6%83%85%E8%8A%B1.jpg", "name": "梦中情花", "price": 188, "sales": 45, "stock": 20, "category_id": "3", "description": "浪漫花卉装饰，梦幻般的视觉享受", "sub_category_id": "301"}
{"id": "3003", "_id": "685283e6d61bb31d8d9fcf9f", "url": "https://env-00jxtoex7l0t.normal.cloudstatic.cn/Plot/%E7%94%9F%E6%97%A5%E8%9B%8B%E7%B3%95/%E9%B2%9C%E8%8A%B1%E8%9B%8B%E7%B3%95.jpg", "name": "鲜花蛋糕", "price": 168, "sales": 70, "stock": 30, "category_id": "3", "description": "精选食用鲜花装饰，典雅美丽", "sub_category_id": "301"}
{"id": "3004", "_id": "685283e6d61bb31d8d9fcfa0", "url": "https://env-00jxtoex7l0t.normal.cloudstatic.cn/Plot/%E7%94%9F%E6%97%A5%E8%9B%8B%E7%B3%95/%E7%BB%BF%E9%87%8E%E4%BB%99%E8%B8%AA%E8%9B%8B%E7%B3%95.jpg", "name": "绿野仙踪蛋糕", "price": 178, "sales": 40, "stock": 18, "category_id": "3", "description": "森林系主题蛋糕，绿色与自然的完美结合", "sub_category_id": "302"}
{"id": "3005", "_id": "685283e6d61bb31d8d9fcfa1", "url": "https://env-00jxtoex7l0t.normal.cloudstatic.cn/Plot/%E7%94%9F%E6%97%A5%E8%9B%8B%E7%B3%95/%E7%88%B1%E5%BF%83.jpg", "name": "爱心", "price": 158, "sales": 85, "stock": 35, "category_id": "3", "description": "心形设计，表达爱意的最佳选择", "sub_category_id": "302"}
{"id": "3006", "_id": "685283e6d61bb31d8d9fcfa2", "url": "https://env-00jxtoex7l0t.normal.cloudstatic.cn/Plot/%E7%94%9F%E6%97%A5%E8%9B%8B%E7%B3%95/%E7%88%B1%E5%BF%83%E7%AE%80%E7%BA%A6%E8%9B%8B%E7%B3%95.jpg", "name": "爱心简约蛋糕", "price": 138, "sales": 95, "stock": 40, "category_id": "3", "description": "简约风格心形蛋糕，甜蜜而不腻", "sub_category_id": "302"}
{"id": "3007", "_id": "685283e6d61bb31d8d9fcfa3", "url": "https://env-00jxtoex7l0t.normal.cloudstatic.cn/Plot/%E7%94%9F%E6%97%A5%E8%9B%8B%E7%B3%95/BLACKPINK.png", "name": "BLACKPINK", "price": 228, "sales": 120, "stock": 15, "category_id": "3", "description": "BLACKPINK粉丝专属定制蛋糕，时尚潮流", "sub_category_id": "302"}
{"id": "3008", "_id": "685283e6d61bb31d8d9fcfa4", "url": "https://env-00jxtoex7l0t.normal.cloudstatic.cn/Plot/%E7%94%9F%E6%97%A5%E8%9B%8B%E7%B3%95/%E7%B2%89%E8%89%B2%E8%9D%B4%E8%9D%B6%E7%BB%93%E8%9B%8B%E7%B3%95.png", "name": "粉色蝴蝶结蛋糕", "price": 168, "sales": 60, "stock": 25, "category_id": "3", "description": "粉色系蝴蝶结装饰，少女心满满", "sub_category_id": "302"}
{"id": "3009", "_id": "685283e6d61bb31d8d9fcfa5", "url": "https://env-00jxtoex7l0t.normal.cloudstatic.cn/Plot/%E7%94%9F%E6%97%A5%E8%9B%8B%E7%B3%95/%E7%B4%AB%E7%B2%BE%E7%81%B5%E8%9B%8B%E7%B3%95.png", "name": "紫精灵蛋糕", "price": 188, "sales": 50, "stock": 20, "category_id": "3", "description": "紫色系童话主题蛋糕，梦幻精灵风格", "sub_category_id": "302"}
{"id": "4001", "_id": "685283e6d61bb31d8d9fcfa6", "url": "https://env-00jxtoex7l0t.normal.cloudstatic.cn/Plot/%E9%A5%AE%E5%93%81/%E7%BB%8F%E5%85%B8%E6%8B%BF%E9%93%81.jpg", "name": "经典拿铁", "price": 28, "sales": 500, "stock": 100, "category_id": "4", "description": "浓郁的意式浓缩与丝滑牛奶的经典搭配", "sub_category_id": "401"}
{"id": "4002", "_id": "685283e6d61bb31d8d9fcfa7", "url": "https://env-00jxtoex7l0t.normal.cloudstatic.cn/Plot/%E9%A5%AE%E5%93%81/%E9%A6%99%E8%8D%89%E6%8B%BF%E9%93%81.jpg", "name": "香草拿铁", "price": 32, "sales": 420, "stock": 90, "category_id": "4", "description": "加入香草风味的经典拿铁，香甜可口", "sub_category_id": "401"}
{"id": "4003", "_id": "685283e6d61bb31d8d9fcfa8", "url": "https://env-00jxtoex7l0t.normal.cloudstatic.cn/Plot/%E9%A5%AE%E5%93%81/%E7%83%A4%E8%8B%B9%E6%9E%9C%E7%83%AD%E6%8B%BF%E9%93%81.jpg", "name": "烤苹果热拿铁", "price": 36, "sales": 320, "stock": 80, "category_id": "4", "description": "秋冬限定，烤苹果风味与咖啡的温暖结合", "sub_category_id": "401"}
{"id": "4004", "_id": "685283e6d61bb31d8d9fcfa9", "url": "https://env-00jxtoex7l0t.normal.cloudstatic.cn/Plot/%E9%A5%AE%E5%93%81/%E6%A4%B0%E9%9D%92%E5%86%B0%E8%90%83%E7%BE%8E%E5%BC%8F.jpg", "name": "椰青冰萃美式", "price": 38, "sales": 380, "stock": 85, "category_id": "4", "description": "清新椰香与美式咖啡的冰爽结合", "sub_category_id": "401"}
{"id": "4005", "_id": "685283e6d61bb31d8d9fcfaa", "url": "https://env-00jxtoex7l0t.normal.cloudstatic.cn/Plot/%E9%A5%AE%E5%93%81/%E8%AF%9D%E6%A2%85%E7%BE%8E%E5%BC%8F%EF%BC%88%E5%86%B0%EF%BC%89.jpg", "name": "话梅美式（冰）", "price": 34, "sales": 290, "stock": 75, "category_id": "4", "description": "酸甜话梅风味美式咖啡，提神醒脑", "sub_category_id": "401"}
{"id": "4006", "_id": "685283e6d61bb31d8d9fcfab", "url": "https://env-00jxtoex7l0t.normal.cloudstatic.cn/Plot/%E9%A5%AE%E5%93%81/%E9%9D%92%E6%8F%90%E6%9F%A0%E6%AA%AC%E5%86%B0%E8%8C%89%E8%8E%89.jpg", "name": "青提柠檬冰茉莉", "price": 32, "sales": 350, "stock": 90, "category_id": "4", "description": "青提、柠檬与茉莉花茶的清新组合", "sub_category_id": "402"}
{"id": "4007", "_id": "685283e6d61bb31d8d9fcfac", "url": "https://env-00jxtoex7l0t.normal.cloudstatic.cn/Plot/%E9%A5%AE%E5%93%81/%E8%8D%94%E6%9E%9D%E7%99%BD%E6%9C%88%E5%85%89.jpg", "name": "荔枝白月光", "price": 36, "sales": 320, "stock": 85, "category_id": "4", "description": "荔枝清香与特调奶茶的完美结合", "sub_category_id": "402"}
{"id": "4008", "_id": "685283e6d61bb31d8d9fcfad", "url": "https://env-00jxtoex7l0t.normal.cloudstatic.cn/Plot/%E9%A5%AE%E5%93%81/%E6%8A%B9%E8%8C%B6%E8%8D%89%E8%8E%93%E7%89%9B%E4%B9%B3.jpg", "name": "抹茶草莓牛乳", "price": 38, "sales": 280, "stock": 80, "category_id": "4", "description": "抹茶与草莓风味牛奶，甜美与清新并存", "sub_category_id": "402"}
{"id": "4009", "_id": "685283e6d61bb31d8d9fcfae", "url": "https://env-00jxtoex7l0t.normal.cloudstatic.cn/Plot/%E9%A5%AE%E5%93%81/%E7%9F%B3%E6%A6%B4%E6%B3%A1%E6%B3%A1.jpg", "name": "石榴泡泡", "price": 35, "sales": 260, "stock": 70, "category_id": "4", "description": "新鲜石榴果汁与气泡水的清爽组合", "sub_category_id": "402"}