{"id": "101", "_id": "685283e6d61bb31d8d9fcf83", "name": "水果千层", "category_id": "1"}
{"id": "102", "_id": "685283e6d61bb31d8d9fcf84", "name": "巧克力千层", "category_id": "1"}
{"id": "201", "_id": "685283e6d61bb31d8d9fcf85", "name": "蛋糕", "category_id": "2"}
{"id": "202", "_id": "685283e6d61bb31d8d9fcf86", "name": "甜点", "category_id": "2"}
{"id": "301", "_id": "685283e6d61bb31d8d9fcf87", "name": "花卉蛋糕", "category_id": "3"}
{"id": "302", "_id": "685283e6d61bb31d8d9fcf88", "name": "主题蛋糕", "category_id": "3"}
{"id": "401", "_id": "685283e6d61bb31d8d9fcf89", "name": "咖啡", "category_id": "4"}
{"id": "402", "_id": "685283e6d61bb31d8d9fcf8a", "name": "特调饮品", "category_id": "4"}